nom_du_code;lien
Code de l'action sociale et des familles ;https://www.legifrance.gouv.fr/codes/texte_lc/LEGITEXT000006074069?etatTexte=VIGUEUR
Code de l'artisanat;https://www.legifrance.gouv.fr/codes/texte_lc/LEGITEXT000006075116?etatTexte=VIGUEUR
Code des assurances;https://www.legifrance.gouv.fr/codes/texte_lc/LEGITEXT000006073984?etatTexte=VIGUEUR
Code de l'aviation civile ;https://www.legifrance.gouv.fr/codes/texte_lc/LEGITEXT000006074234?etatTexte=VIGUEUR
Code du cinéma et de l'image animée;https://www.legifrance.gouv.fr/codes/texte_lc/LEGITEXT000020908868?etatTexte=VIGUEUR
Code civil ;https://www.legifrance.gouv.fr/codes/texte_lc/LEGITEXT000006070721?etatTexte=VIGUEUR
Code de la commande publique;https://www.legifrance.gouv.fr/codes/texte_lc/LEGITEXT000037701019?etatTexte=VIGUEUR
Code de commerce;https://www.legifrance.gouv.fr/codes/texte_lc/LEGITEXT000005634379?etatTexte=VIGUEUR
Code des communes;https://www.legifrance.gouv.fr/codes/texte_lc/LEGITEXT000006070162?etatTexte=VIGUEUR
Code des communes de la Nouvelle-Calédonie;https://www.legifrance.gouv.fr/codes/texte_lc/LEGITEXT000006070300?etatTexte=VIGUEUR
Code de la consommation;https://www.legifrance.gouv.fr/codes/texte_lc/LEGITEXT000006069565?etatTexte=VIGUEUR
Code de la construction et de l'habitation;https://www.legifrance.gouv.fr/codes/texte_lc/LEGITEXT000006074096?etatTexte=VIGUEUR
Code de la défense;https://www.legifrance.gouv.fr/codes/texte_lc/LEGITEXT000006071307?etatTexte=VIGUEUR
Code de déontologie des architectes;https://www.legifrance.gouv.fr/codes/texte_lc/LEGITEXT000006074232?etatTexte=VIGUEUR
Code disciplinaire et pénal de la marine marchande;https://www.legifrance.gouv.fr/codes/texte_lc/LEGITEXT000006071188?etatTexte=VIGUEUR
Code du domaine de l'Etat;https://www.legifrance.gouv.fr/codes/texte_lc/LEGITEXT000006070208?etatTexte=VIGUEUR
Code du domaine de l'Etat et des collectivités publiques applicable à la collectivité territoriale de Mayotte;https://www.legifrance.gouv.fr/codes/texte_lc/LEGITEXT000006074235?etatTexte=VIGUEUR
Code du domaine public fluvial et de la navigation intérieure;https://www.legifrance.gouv.fr/codes/texte_lc/LEGITEXT000006074237?etatTexte=VIGUEUR
Code des douanes;https://www.legifrance.gouv.fr/codes/texte_lc/LEGITEXT000006071570?etatTexte=VIGUEUR
Code des douanes de Mayotte;https://www.legifrance.gouv.fr/codes/texte_lc/LEGITEXT000006071645?etatTexte=VIGUEUR
Code de l'éducation;https://www.legifrance.gouv.fr/codes/texte_lc/LEGITEXT000006071191?etatTexte=VIGUEUR
Code électoral;https://www.legifrance.gouv.fr/codes/texte_lc/LEGITEXT000006070239?etatTexte=VIGUEUR
Code de l'énergie;https://www.legifrance.gouv.fr/codes/texte_lc/LEGITEXT000023983208?etatTexte=VIGUEUR
Code de l'entrée et du séjour des étrangers et du droit d'asile;https://www.legifrance.gouv.fr/codes/texte_lc/LEGITEXT000006070158?etatTexte=VIGUEUR
Code de l'environnement;https://www.legifrance.gouv.fr/codes/texte_lc/LEGITEXT000006074220?etatTexte=VIGUEUR
Code de l'expropriation pour cause d'utilité publique ;https://www.legifrance.gouv.fr/codes/texte_lc/LEGITEXT000006074224?etatTexte=VIGUEUR
Code de la famille et de l'aide sociale;https://www.legifrance.gouv.fr/codes/texte_lc/LEGITEXT000006072637?etatTexte=VIGUEUR
Code forestier;https://www.legifrance.gouv.fr/codes/texte_lc/LEGITEXT000025244092?etatTexte=VIGUEUR
Code général de la fonction publique;https://www.legifrance.gouv.fr/codes/texte_lc/LEGITEXT000044416551?etatTexte=VIGUEUR
Code général de la propriété des personnes publiques;https://www.legifrance.gouv.fr/codes/texte_lc/LEGITEXT000006070299?etatTexte=VIGUEUR
Code général des collectivités territoriales;https://www.legifrance.gouv.fr/codes/texte_lc/LEGITEXT000006070633?etatTexte=VIGUEUR
Code général des impôts;https://www.legifrance.gouv.fr/codes/texte_lc/LEGITEXT000006069577?etatTexte=VIGUEUR
Code général des impôts, annexe 1;https://www.legifrance.gouv.fr/codes/texte_lc/LEGITEXT000006069568?etatTexte=VIGUEUR
Code général des impôts, annexe 2;https://www.legifrance.gouv.fr/codes/texte_lc/LEGITEXT000006069569?etatTexte=VIGUEUR
Code général des impôts, annexe 3;https://www.legifrance.gouv.fr/codes/texte_lc/LEGITEXT000006069574?etatTexte=VIGUEUR
Code général des impôts, annexe 4;https://www.legifrance.gouv.fr/codes/texte_lc/LEGITEXT000006069576?etatTexte=VIGUEUR
Code des impositions sur les biens et services;https://www.legifrance.gouv.fr/codes/texte_lc/LEGITEXT000044595989?etatTexte=VIGUEUR
Code des instruments monétaires et des médailles;https://www.legifrance.gouv.fr/codes/texte_lc/LEGITEXT000006070666?etatTexte=VIGUEUR
Code des juridictions financières;https://www.legifrance.gouv.fr/codes/texte_lc/LEGITEXT000006070249?etatTexte=VIGUEUR
Code de justice administrative;https://www.legifrance.gouv.fr/codes/texte_lc/LEGITEXT000006070933?etatTexte=VIGUEUR
Code de justice militaire;https://www.legifrance.gouv.fr/codes/texte_lc/LEGITEXT000006071360?etatTexte=VIGUEUR
Code de la justice pénale des mineurs;https://www.legifrance.gouv.fr/codes/texte_lc/LEGITEXT000039086952?etatTexte=VIGUEUR
Code de la Légion d'honneur, de la Médaille militaire et de l'ordre national du Mérite;https://www.legifrance.gouv.fr/codes/texte_lc/LEGITEXT000006071007?etatTexte=VIGUEUR
Livre des procédures fiscales;https://www.legifrance.gouv.fr/codes/texte_lc/LEGITEXT000006069583?etatTexte=VIGUEUR
Code minier;https://www.legifrance.gouv.fr/codes/texte_lc/LEGITEXT000006071785?etatTexte=VIGUEUR
Code monétaire et financier;https://www.legifrance.gouv.fr/codes/texte_lc/LEGITEXT000006072026?etatTexte=VIGUEUR
Code de la mutualité;https://www.legifrance.gouv.fr/codes/texte_lc/LEGITEXT000006074067?etatTexte=VIGUEUR
Code de l'organisation judiciaire;https://www.legifrance.gouv.fr/codes/texte_lc/LEGITEXT000006071164?etatTexte=VIGUEUR
Code du patrimoine ;https://www.legifrance.gouv.fr/codes/texte_lc/LEGITEXT000006074236?etatTexte=VIGUEUR
Code pénal;https://www.legifrance.gouv.fr/codes/texte_lc/LEGITEXT000006070719?etatTexte=VIGUEUR
Code des pensions civiles et militaires de retraite;https://www.legifrance.gouv.fr/codes/texte_lc/LEGITEXT000006070302?etatTexte=VIGUEUR
Code des pensions de retraite des marins français du commerce, de pêche ou de plaisance;https://www.legifrance.gouv.fr/codes/texte_lc/LEGITEXT000006074066?etatTexte=VIGUEUR
Code des pensions militaires d'invalidité et des victimes de guerre;https://www.legifrance.gouv.fr/codes/texte_lc/LEGITEXT000006074068?etatTexte=VIGUEUR
Code des ports maritimes ;https://www.legifrance.gouv.fr/codes/texte_lc/LEGITEXT000006074233?etatTexte=VIGUEUR
Code des postes et des communications électroniques;https://www.legifrance.gouv.fr/codes/texte_lc/LEGITEXT000006070987?etatTexte=VIGUEUR
Code de procédure civile ;https://www.legifrance.gouv.fr/codes/texte_lc/LEGITEXT000006070716?etatTexte=VIGUEUR
Code de procédure pénale;https://www.legifrance.gouv.fr/codes/texte_lc/LEGITEXT000006071154?etatTexte=VIGUEUR
Code des procédures civiles d'exécution;https://www.legifrance.gouv.fr/codes/texte_lc/LEGITEXT000025024948?etatTexte=VIGUEUR
Code de la propriété intellectuelle ;https://www.legifrance.gouv.fr/codes/texte_lc/LEGITEXT000006069414?etatTexte=VIGUEUR
Code de la recherche;https://www.legifrance.gouv.fr/codes/texte_lc/LEGITEXT000006071190?etatTexte=VIGUEUR
Code des relations entre le public et l'administration;https://www.legifrance.gouv.fr/codes/texte_lc/LEGITEXT000031366350?etatTexte=VIGUEUR
Code de la route;https://www.legifrance.gouv.fr/codes/texte_lc/LEGITEXT000006074228?etatTexte=VIGUEUR
Code rural et de la pêche maritime;https://www.legifrance.gouv.fr/codes/texte_lc/LEGITEXT000006071367?etatTexte=VIGUEUR
Code de la santé publique;https://www.legifrance.gouv.fr/codes/texte_lc/LEGITEXT000006072665?etatTexte=VIGUEUR
Code de la sécurité intérieure;https://www.legifrance.gouv.fr/codes/texte_lc/LEGITEXT000025503132?etatTexte=VIGUEUR
Code de la sécurité sociale;https://www.legifrance.gouv.fr/codes/texte_lc/LEGITEXT000006073189?etatTexte=VIGUEUR
Code du service national;https://www.legifrance.gouv.fr/codes/texte_lc/LEGITEXT000006071335?etatTexte=VIGUEUR
Code du sport;https://www.legifrance.gouv.fr/codes/texte_lc/LEGITEXT000006071318?etatTexte=VIGUEUR
Code du tourisme;https://www.legifrance.gouv.fr/codes/texte_lc/LEGITEXT000006074073?etatTexte=VIGUEUR
Code des transports;https://www.legifrance.gouv.fr/codes/texte_lc/LEGITEXT000023086525?etatTexte=VIGUEUR
Code du travail;https://www.legifrance.gouv.fr/codes/texte_lc/LEGITEXT000006072050?etatTexte=VIGUEUR
Code du travail applicable à Mayotte;https://www.legifrance.gouv.fr/codes/texte_lc/LEGITEXT000006072052?etatTexte=VIGUEUR
Code du travail maritime;https://www.legifrance.gouv.fr/codes/texte_lc/LEGITEXT000006072051?etatTexte=VIGUEUR
Code de l'urbanisme;https://www.legifrance.gouv.fr/codes/texte_lc/LEGITEXT000006074075?etatTexte=VIGUEUR
Code de la voirie routière;https://www.legifrance.gouv.fr/codes/texte_lc/LEGITEXT000006070667?etatTexte=VIGUEUR